name,z_lens,z_source,D_L_Mpc,D_S_Mpc,D_LS_Mpc,R_Ein_kpc,theta_E_arcsec_from_R_Ein,sigma_ap_km_s,sigma_ap_err_km_s,morphology,log_M_Ein_Msun,M_Ein_Msun,f_star_Ein_Chab,f_star_Ein_Chab_err,f_star_Ein_Salp,f_star_Ein_Salp_err,f_star_Ein_over_f_star_eff,log_Mstar_Chab_Msun,log_Mstar_Chab_err,Mstar_Chab_Msun,log_Mstar_Salp_Msun,log_Mstar_Salp_err,Mstar_Salp_Msun,source_basic,source_inferred,cosmology
SDSSJ0008-0004,0.44,1.192,1209.15888445,1755.23254654,960.89459325,6.59,1.12415754,193,36,E,11.55,3.54813389e+11,0.27,0.09,0.5,0.16,0.79,11.38,0.14,2.39883292e+11,11.64,0.14,4.36515832e+11,Auger et al. 2009 SLACS IX Table 3,Auger et al. 2009 SLACS IX Table 4,"Planck18-like flat LCDM; H0=67.66 km/s/Mpc, Om0=0.3111, Ode0=0.6889"
SDSSJ0029-0055,0.227,0.931,774.90964345,1667.95608431,1175.56140149,3.48,0.92630351,229,18,E,11.08,1.20226443e+11,0.5,0.14,0.89,0.26,0.56,11.33,0.13,2.13796209e+11,11.58,0.13,3.80189396e+11,Auger et al. 2009 SLACS IX Table 3,Auger et al. 2009 SLACS IX Table 4,"Planck18-like flat LCDM; H0=67.66 km/s/Mpc, Om0=0.3111, Ode0=0.6889"
SDSSJ0037-0942,0.195,0.632,689.16887292,1453.88204414,949.25165006,4.95,1.48151031,279,10,E,11.47,2.95120923e+11,0.4,0.06,0.71,0.1,0.78,11.48,0.06,3.01995172e+11,11.73,0.06,5.37031796e+11,Auger et al. 2009 SLACS IX Table 3,Auger et al. 2009 SLACS IX Table 4,"Planck18-like flat LCDM; H0=67.66 km/s/Mpc, Om0=0.3111, Ode0=0.6889"
SDSSJ0044+0113,0.12,0.197,461.17409090,694.71691759,263.20899629,1.72,0.76928751,266,13,E,10.96,9.12010839e+10,0.37,0.08,0.64,0.13,0.4,11.23,0.09,1.69824365e+11,11.47,0.09,2.95120923e+11,Auger et al. 2009 SLACS IX Table 3,Auger et al. 2009 SLACS IX Table 4,"Planck18-like flat LCDM; H0=67.66 km/s/Mpc, Om0=0.3111, Ode0=0.6889"
SDSSJ0157-0056,0.513,0.924,1315.26314950,1664.58536761,630.28539610,4.89,0.76686928,295,47,E,11.41,2.57039578e+11,0.51,0.12,0.9,0.2,0.84,11.5,0.1,3.16227766e+11,11.74,0.1,5.49540874e+11,Auger et al. 2009 SLACS IX Table 3,Auger et al. 2009 SLACS IX Table 4,"Planck18-like flat LCDM; H0=67.66 km/s/Mpc, Om0=0.3111, Ode0=0.6889"
SDSSJ0216-0813,0.332,0.523,1015.50494929,1328.45099859,440.30090506,5.53,1.12322877,333,23,E,11.69,4.89778819e+11,0.36,0.06,0.61,0.1,0.56,11.79,0.07,6.16595002e+11,12.03,0.07,1.07151931e+12,Auger et al. 2009 SLACS IX Table 3,Auger et al. 2009 SLACS IX Table 4,"Planck18-like flat LCDM; H0=67.66 km/s/Mpc, Om0=0.3111, Ode0=0.6889"
SDSSJ0252+0039,0.28,0.982,903.63338070,1690.66024446,1107.08268276,4.4,1.00435106,164,12,E,11.25,1.77827941e+11,0.4,0.12,0.71,0.21,0.86,11.21,0.13,1.62181010e+11,11.46,0.13,2.88403150e+11,Auger et al. 2009 SLACS IX Table 3,Auger et al. 2009 SLACS IX Table 4,"Planck18-like flat LCDM; H0=67.66 km/s/Mpc, Om0=0.3111, Ode0=0.6889"
SDSSJ0330-0020,0.351,1.071,1053.15264889,1723.19209218,1036.17653031,5.45,1.06740765,212,21,E,11.4,2.51188643e+11,0.41,0.08,0.69,0.15,0.93,11.35,0.09,2.23872114e+11,11.58,0.09,3.80189396e+11,Auger et al. 2009 SLACS IX Table 3,Auger et al. 2009 SLACS IX Table 4,"Planck18-like flat LCDM; H0=67.66 km/s/Mpc, Om0=0.3111, Ode0=0.6889"
SDSSJ0728+3835,0.206,0.688,719.36542999,1506.80287619,992.84866496,4.21,1.20714007,214,11,E,11.3,1.99526231e+11,0.56,0.16,1,0.29,0.82,11.44,0.12,2.75422870e+11,11.69,0.12,4.89778819e+11,Auger et al. 2009 SLACS IX Table 3,Auger et al. 2009 SLACS IX Table 4,"Planck18-like flat LCDM; H0=67.66 km/s/Mpc, Om0=0.3111, Ode0=0.6889"
SDSSJ0737+3216,0.322,0.581,995.01912976,1399.16894645,567.15421555,4.66,0.96600555,338,16,E,11.46,2.88403150e+11,0.41,0.07,0.73,0.12,0.46,11.72,0.07,5.24807460e+11,11.96,0.07,9.12010839e+11,Auger et al. 2009 SLACS IX Table 3,Auger et al. 2009 SLACS IX Table 4,"Planck18-like flat LCDM; H0=67.66 km/s/Mpc, Om0=0.3111, Ode0=0.6889"
SDSSJ0819+4534,0.194,0.446,686.38512721,1218.57024123,651.80409884,2.73,0.82038916,225,15,E,11.04,1.09647820e+11,0.32,0.06,0.57,0.11,0.49,11.15,0.08,1.41253754e+11,11.4,0.08,2.51188643e+11,Auger et al. 2009 SLACS IX Table 3,Auger et al. 2009 SLACS IX Table 4,"Planck18-like flat LCDM; H0=67.66 km/s/Mpc, Om0=0.3111, Ode0=0.6889"
SDSSJ0822+2652,0.241,0.594,810.46209606,1413.74567846,782.76483704,4.45,1.13253709,259,15,E,11.38,2.39883292e+11,0.41,0.12,0.73,0.22,0.71,11.43,0.13,2.69153480e+11,11.69,0.13,4.89778819e+11,Auger et al. 2009 SLACS IX Table 3,Auger et al. 2009 SLACS IX Table 4,"Planck18-like flat LCDM; H0=67.66 km/s/Mpc, Om0=0.3111, Ode0=0.6889"
SDSSJ0841+3824,0.116,0.657,447.84497937,1478.38379783,1176.75736634,2.96,1.36329278,225,8,S,11.12,1.31825674e+11,0.31,0.1,0.54,0.18,0.32,11.41,0.15,2.57039578e+11,11.65,0.14,4.46683592e+11,Auger et al. 2009 SLACS IX Table 3,Auger et al. 2009 SLACS IX Table 4,"Planck18-like flat LCDM; H0=67.66 km/s/Mpc, Om0=0.3111, Ode0=0.6889"
SDSSJ0903+4116,0.43,1.065,1193.18116286,1721.25793228,894.98719965,7.23,1.24984755,223,27,E,11.66,4.57088190e+11,0.35,0.11,0.62,0.2,0.81,11.59,0.14,3.89045145e+11,11.84,0.14,6.91830971e+11,Auger et al. 2009 SLACS IX Table 3,Auger et al. 2009 SLACS IX Table 4,"Planck18-like flat LCDM; H0=67.66 km/s/Mpc, Om0=0.3111, Ode0=0.6889"
SDSSJ0912+0029,0.164,0.324,599.77356019,999.15411139,471.86073974,4.58,1.57508246,326,12,E/S0,11.6,3.98107171e+11,0.34,0.05,0.6,0.09,0.53,11.71,0.07,5.12861384e+11,11.96,0.07,9.12010839e+11,Auger et al. 2009 SLACS IX Table 3,Auger et al. 2009 SLACS IX Table 4,"Planck18-like flat LCDM; H0=67.66 km/s/Mpc, Om0=0.3111, Ode0=0.6889"
SDSSJ0935-0003,0.347,0.467,1045.36301614,1250.50292021,290.65017124,4.26,0.84055784,396,35,E,11.6,3.98107171e+11,0.2,0.03,0.35,0.05,0.31,11.72,0.07,5.24807460e+11,11.96,0.07,9.12010839e+11,Auger et al. 2009 SLACS IX Table 3,Auger et al. 2009 SLACS IX Table 4,"Planck18-like flat LCDM; H0=67.66 km/s/Mpc, Om0=0.3111, Ode0=0.6889"
SDSSJ0936+0913,0.19,0.588,675.18494215,1407.07323976,901.10971257,3.45,1.05395357,243,11,E,11.17,1.47910839e+11,0.57,0.16,1.03,0.29,0.63,11.43,0.12,2.69153480e+11,11.68,0.12,4.78630092e+11,Auger et al. 2009 SLACS IX Table 3,Auger et al. 2009 SLACS IX Table 4,"Planck18-like flat LCDM; H0=67.66 km/s/Mpc, Om0=0.3111, Ode0=0.6889"
SDSSJ0946+1006,0.222,0.609,761.92974099,1430.02036776,851.35154023,4.95,1.34003273,263,21,E,11.46,2.88403150e+11,0.26,0.07,0.46,0.13,0.68,11.34,0.12,2.18776162e+11,11.59,0.12,3.89045145e+11,Auger et al. 2009 SLACS IX Table 3,Auger et al. 2009 SLACS IX Table 4,"Planck18-like flat LCDM; H0=67.66 km/s/Mpc, Om0=0.3111, Ode0=0.6889"
SDSSJ0955+0101,0.111,0.316,431.00470009,982.49930442,618.63439424,1.83,0.87577837,192,13,S,10.83,6.76082975e+10,0.36,0.05,0.64,0.09,0.82,10.77,0.07,5.88843655e+10,11.02,0.06,1.04712855e+11,Auger et al. 2009 SLACS IX Table 3,Auger et al. 2009 SLACS IX Table 4,"Planck18-like flat LCDM; H0=67.66 km/s/Mpc, Om0=0.3111, Ode0=0.6889"
SDSSJ0956+5100,0.241,0.47,810.46209606,1254.93967520,570.73323900,5.05,1.28523873,334,15,E,11.57,3.71535229e+11,0.35,0.07,0.62,0.12,0.72,11.56,0.09,3.63078055e+11,11.81,0.08,6.45654229e+11,Auger et al. 2009 SLACS IX Table 3,Auger et al. 2009 SLACS IX Table 4,"Planck18-like flat LCDM; H0=67.66 km/s/Mpc, Om0=0.3111, Ode0=0.6889"
SDSSJ0959+0410,0.126,0.535,480.93234903,1343.87714725,991.08898763,2.24,0.96070303,197,13,E,10.88,7.58577575e+10,0.42,0.07,0.73,0.11,0.78,10.91,0.07,8.12830516e+10,11.15,0.06,1.41253754e+11,Auger et al. 2009 SLACS IX Table 3,Auger et al. 2009 SLACS IX Table 4,"Planck18-like flat LCDM; H0=67.66 km/s/Mpc, Om0=0.3111, Ode0=0.6889"
SDSSJ0959+4416,0.237,0.531,800.42178964,1338.78286157,692.06715041,3.61,0.93027946,244,19,S0,11.23,1.69824365e+11,0.55,0.15,0.99,0.28,0.64,11.47,0.12,2.95120923e+11,11.72,0.12,5.24807460e+11,Auger et al. 2009 SLACS IX Table 3,Auger et al. 2009 SLACS IX Table 4,"Planck18-like flat LCDM; H0=67.66 km/s/Mpc, Om0=0.3111, Ode0=0.6889"
SDSSJ1016+3859,0.168,0.439,611.67629600,1207.57763051,711.09541111,3.13,1.05547468,247,13,E,11.17,1.47910839e+11,0.48,0.13,0.84,0.23,0.82,11.23,0.12,1.69824365e+11,11.48,0.12,3.01995172e+11,Auger et al. 2009 SLACS IX Table 3,Auger et al. 2009 SLACS IX Table 4,"Planck18-like flat LCDM; H0=67.66 km/s/Mpc, Om0=0.3111, Ode0=0.6889"
SDSSJ1020+1122,0.282,0.553,908.18873577,1366.22308396,616.51415977,5.12,1.16283738,282,18,E,11.54,3.46736850e+11,0.45,0.13,0.81,0.22,0.89,11.54,0.12,3.46736850e+11,11.8,0.12,6.30957344e+11,Auger et al. 2009 SLACS IX Table 3,Auger et al. 2009 SLACS IX Table 4,"Planck18-like flat LCDM; H0=67.66 km/s/Mpc, Om0=0.3111, Ode0=0.6889"
SDSSJ1023+4230,0.191,0.696,677.99480145,1513.79960440,1037.68415126,4.5,1.36902470,242,15,E,11.37,2.34422882e+11,0.38,0.11,0.67,0.19,0.85,11.33,0.12,2.13796209e+11,11.57,0.12,3.71535229e+11,Auger et al. 2009 SLACS IX Table 3,Auger et al. 2009 SLACS IX Table 4,"Planck18-like flat LCDM; H0=67.66 km/s/Mpc, Om0=0.3111, Ode0=0.6889"
SDSSJ1029+0420,0.104,0.615,407.08965006,1436.37078761,1158.08783178,1.92,0.97282854,210,9,S0,10.78,6.02559586e+10,0.69,0.19,1.23,0.32,0.76,11.04,0.12,1.09647820e+11,11.29,0.11,1.94984460e+11,Auger et al. 2009 SLACS IX Table 3,Auger et al. 2009 SLACS IX Table 4,"Planck18-like flat LCDM; H0=67.66 km/s/Mpc, Om0=0.3111, Ode0=0.6889"
SDSSJ1032+5322,0.133,0.329,503.63186341,1009.40864580,580.05206097,2.44,0.99931351,296,14,S,11.05,1.12201845e+11,0.42,0.11,0.77,0.2,1.18,10.9,0.11,7.94328235e+10,11.16,0.11,1.44543977e+11,Auger et al. 2009 SLACS IX Table 3,Auger et al. 2009 SLACS IX Table 4,"Planck18-like flat LCDM; H0=67.66 km/s/Mpc, Om0=0.3111, Ode0=0.6889"
SDSSJ1100+5329,0.317,0.858,984.59797442,1629.52144152,931.61211305,7.02,1.47062961,187,23,E,11.67,4.67735141e+11,0.33,0.05,0.58,0.09,0.79,11.59,0.07,3.89045145e+11,11.84,0.07,6.91830971e+11,Auger et al. 2009 SLACS IX Table 3,Auger et al. 2009 SLACS IX Table 4,"Planck18-like flat LCDM; H0=67.66 km/s/Mpc, Om0=0.3111, Ode0=0.6889"
SDSSJ1103+5322,0.158,0.735,581.70862626,1546.03258646,1157.77979729,2.78,0.98574464,196,12,S0/SA,10.98,9.54992586e+10,0.73,0.13,1.28,0.23,0.71,11.29,0.08,1.94984460e+11,11.54,0.08,3.46736850e+11,Auger et al. 2009 SLACS IX Table 3,Auger et al. 2009 SLACS IX Table 4,"Planck18-like flat LCDM; H0=67.66 km/s/Mpc, Om0=0.3111, Ode0=0.6889"
SDSSJ1106+5228,0.095,0.407,375.75029904,1155.00533188,862.57706077,2.17,1.19120232,262,9,E,10.96,9.12010839e+10,0.54,0.07,0.95,0.13,0.73,11.13,0.06,1.34896288e+11,11.37,0.06,2.34422882e+11,Auger et al. 2009 SLACS IX Table 3,Auger et al. 2009 SLACS IX Table 4,"Planck18-like flat LCDM; H0=67.66 km/s/Mpc, Om0=0.3111, Ode0=0.6889"
SDSSJ1112+0826,0.273,0.629,887.52294293,1450.84282236,757.27823896,6.19,1.43858721,320,20,E,11.65,4.46683592e+11,0.33,0.07,0.59,0.11,0.97,11.48,0.09,3.01995172e+11,11.73,0.08,5.37031796e+11,Auger et al. 2009 SLACS IX Table 3,Auger et al. 2009 SLACS IX Table 4,"Planck18-like flat LCDM; H0=67.66 km/s/Mpc, Om0=0.3111, Ode0=0.6889"
SDSSJ1134+6027,0.153,0.474,566.45877023,1260.80771908,817.70937303,2.93,1.06690180,239,11,E,11.1,1.25892541e+11,0.5,0.13,0.89,0.24,0.69,11.26,0.12,1.81970086e+11,11.51,0.12,3.23593657e+11,Auger et al. 2009 SLACS IX Table 3,Auger et al. 2009 SLACS IX Table 4,"Planck18-like flat LCDM; H0=67.66 km/s/Mpc, Om0=0.3111, Ode0=0.6889"
SDSSJ1142+1001,0.222,0.504,761.92974099,1303.12954781,684.06163326,3.52,0.95291216,221,22,E,11.22,1.65958691e+11,0.39,0.07,0.68,0.13,0.64,11.3,0.08,1.99526231e+11,11.55,0.08,3.54813389e+11,Auger et al. 2009 SLACS IX Table 3,Auger et al. 2009 SLACS IX Table 4,"Planck18-like flat LCDM; H0=67.66 km/s/Mpc, Om0=0.3111, Ode0=0.6889"
SDSSJ1143-0144,0.106,0.402,413.96319422,1146.43537356,819.87097071,3.27,1.62933789,269,5,E,11.29,1.94984460e+11,0.26,0.05,0.46,0.1,0.45,11.36,0.09,2.29086765e+11,11.6,0.09,3.98107171e+11,Auger et al. 2009 SLACS IX Table 3,Auger et al. 2009 SLACS IX Table 4,"Planck18-like flat LCDM; H0=67.66 km/s/Mpc, Om0=0.3111, Ode0=0.6889"
SDSSJ1153+4612,0.18,0.875,646.72229269,1639.14241791,1232.13852171,3.18,1.01422526,226,15,E,11.05,1.12201845e+11,0.47,0.13,0.84,0.25,0.87,11.08,0.13,1.20226443e+11,11.33,0.13,2.13796209e+11,Auger et al. 2009 SLACS IX Table 3,Auger et al. 2009 SLACS IX Table 4,"Planck18-like flat LCDM; H0=67.66 km/s/Mpc, Om0=0.3111, Ode0=0.6889"
SDSSJ1204+0358,0.164,0.631,599.77356019,1452.87137126,1024.82941904,3.68,1.26556844,267,17,E,11.24,1.73780083e+11,0.4,0.06,0.71,0.1,0.88,11.2,0.07,1.58489319e+11,11.45,0.06,2.81838293e+11,Auger et al. 2009 SLACS IX Table 3,Auger et al. 2009 SLACS IX Table 4,"Planck18-like flat LCDM; H0=67.66 km/s/Mpc, Om0=0.3111, Ode0=0.6889"
SDSSJ1205+4910,0.215,0.481,743.50263046,1270.94716446,660.98383156,4.27,1.18459665,281,13,E,11.4,2.51188643e+11,0.36,0.05,0.63,0.09,0.61,11.48,0.06,3.01995172e+11,11.72,0.06,5.24807460e+11,Auger et al. 2009 SLACS IX Table 3,Auger et al. 2009 SLACS IX Table 4,"Planck18-like flat LCDM; H0=67.66 km/s/Mpc, Om0=0.3111, Ode0=0.6889"
SDSSJ1213+6708,0.123,0.64,471.08831575,1461.88166073,1139.30106403,3.13,1.37046244,292,11,E,11.16,1.44543977e+11,0.38,0.08,0.66,0.14,0.62,11.24,0.1,1.73780083e+11,11.49,0.09,3.09029543e+11,Auger et al. 2009 SLACS IX Table 3,Auger et al. 2009 SLACS IX Table 4,"Planck18-like flat LCDM; H0=67.66 km/s/Mpc, Om0=0.3111, Ode0=0.6889"
SDSSJ1218+0830,0.135,0.717,510.04875687,1531.53492130,1194.37397834,3.47,1.40327541,219,10,E,11.21,1.62181010e+11,0.41,0.08,0.72,0.13,0.6,11.35,0.08,2.23872114e+11,11.59,0.08,3.89045145e+11,Auger et al. 2009 SLACS IX Table 3,Auger et al. 2009 SLACS IX Table 4,"Planck18-like flat LCDM; H0=67.66 km/s/Mpc, Om0=0.3111, Ode0=0.6889"
SDSSJ1250+0523,0.232,0.795,787.73971751,1589.97428790,1049.30836479,4.18,1.09450732,252,14,E,11.26,1.81970086e+11,0.68,0.11,1.2,0.19,0.73,11.53,0.07,3.38844156e+11,11.77,0.07,5.88843655e+11,Auger et al. 2009 SLACS IX Table 3,Auger et al. 2009 SLACS IX Table 4,"Planck18-like flat LCDM; H0=67.66 km/s/Mpc, Om0=0.3111, Ode0=0.6889"
SDSSJ1251-0208,0.224,0.784,767.13979941,1582.40024106,1056.06665671,3.03,0.81469162,233,23,S,10.98,9.54992586e+10,0.34,0.07,0.59,0.11,0.36,11.26,0.08,1.81970086e+11,11.5,0.08,3.16227766e+11,Auger et al. 2009 SLACS IX Table 3,Auger et al. 2009 SLACS IX Table 4,"Planck18-like flat LCDM; H0=67.66 km/s/Mpc, Om0=0.3111, Ode0=0.6889"
SDSSJ1306+0600,0.173,0.472,626.39859293,1257.88047616,758.71909742,3.87,1.27434003,237,17,E,11.33,2.13796209e+11,0.27,0.05,0.47,0.08,0.75,11.19,0.08,1.54881662e+11,11.43,0.08,2.69153480e+11,Auger et al. 2009 SLACS IX Table 3,Auger et al. 2009 SLACS IX Table 4,"Planck18-like flat LCDM; H0=67.66 km/s/Mpc, Om0=0.3111, Ode0=0.6889"
SDSSJ1313+4615,0.185,0.514,661.03677394,1316.59575563,799.20567827,4.25,1.32613715,263,18,E,11.38,2.39883292e+11,0.34,0.07,0.61,0.11,0.77,11.33,0.09,2.13796209e+11,11.58,0.08,3.80189396e+11,Auger et al. 2009 SLACS IX Table 3,Auger et al. 2009 SLACS IX Table 4,"Planck18-like flat LCDM; H0=67.66 km/s/Mpc, Om0=0.3111, Ode0=0.6889"
SDSSJ1318-0313,0.24,1.3,807.96074166,1774.19184140,1338.59561547,6.01,1.53429668,213,18,E,11.5,3.16227766e+11,0.24,0.05,0.42,0.08,0.57,11.43,0.09,2.69153480e+11,11.67,0.09,4.67735141e+11,Auger et al. 2009 SLACS IX Table 3,Auger et al. 2009 SLACS IX Table 4,"Planck18-like flat LCDM; H0=67.66 km/s/Mpc, Om0=0.3111, Ode0=0.6889"
SDSSJ1330-0148,0.081,0.711,325.64192180,1526.55946268,1320.82076164,1.32,0.83610102,185,9,S0,10.52,3.31131121e+10,0.39,0.06,0.69,0.1,0.97,10.43,0.06,2.69153480e+10,10.67,0.06,4.67735141e+10,Auger et al. 2009 SLACS IX Table 3,Auger et al. 2009 SLACS IX Table 4,"Planck18-like flat LCDM; H0=67.66 km/s/Mpc, Om0=0.3111, Ode0=0.6889"
SDSSJ1402+6321,0.205,0.481,716.65216567,1270.94716446,687.85070286,4.53,1.30381183,267,17,E,11.46,2.88403150e+11,0.4,0.06,0.7,0.1,0.65,11.55,0.07,3.54813389e+11,11.79,0.06,6.16595002e+11,Auger et al. 2009 SLACS IX Table 3,Auger et al. 2009 SLACS IX Table 4,"Planck18-like flat LCDM; H0=67.66 km/s/Mpc, Om0=0.3111, Ode0=0.6889"
SDSSJ1403+0006,0.189,0.473,672.36851346,1259.34578861,716.61248073,2.62,0.80374643,213,17,E,10.98,9.54992586e+10,0.54,0.1,0.94,0.18,0.65,11.2,0.08,1.58489319e+11,11.44,0.08,2.75422870e+11,Auger et al. 2009 SLACS IX Table 3,Auger et al. 2009 SLACS IX Table 4,"Planck18-like flat LCDM; H0=67.66 km/s/Mpc, Om0=0.3111, Ode0=0.6889"
SDSSJ1416+5136,0.299,0.811,946.07207950,1600.62461625,922.02294243,6.08,1.32557556,240,25,E,11.56,3.63078055e+11,0.35,0.06,0.61,0.11,1.01,11.4,0.08,2.51188643e+11,11.64,0.08,4.36515832e+11,Auger et al. 2009 SLACS IX Table 3,Auger et al. 2009 SLACS IX Table 4,"Planck18-like flat LCDM; H0=67.66 km/s/Mpc, Om0=0.3111, Ode0=0.6889"
SDSSJ1420+6019,0.063,0.535,258.69602064,1343.87714725,1164.72804631,1.26,1.00462951,205,4,S0,10.59,3.89045145e+10,0.69,0.1,1.22,0.17,0.63,10.93,0.06,8.51138038e+10,11.17,0.06,1.47910839e+11,Auger et al. 2009 SLACS IX Table 3,Auger et al. 2009 SLACS IX Table 4,"Planck18-like flat LCDM; H0=67.66 km/s/Mpc, Om0=0.3111, Ode0=0.6889"
SDSSJ1430+4105,0.285,0.575,914.98245725,1392.28975833,645.78026146,6.53,1.47206012,322,32,E,11.73,5.37031796e+11,0.33,0.09,0.59,0.16,0.75,11.68,0.12,4.78630092e+11,11.93,0.11,8.51138038e+11,Auger et al. 2009 SLACS IX Table 3,Auger et al. 2009 SLACS IX Table 4,"Planck18-like flat LCDM; H0=67.66 km/s/Mpc, Om0=0.3111, Ode0=0.6889"
SDSSJ1432+6317,0.123,0.664,471.08831575,1484.98671125,1167.05871932,2.78,1.21721584,199,8,S,11.05,1.12201845e+11,0.39,0.07,0.69,0.13,0.3,11.46,0.08,2.88403150e+11,11.71,0.09,5.12861384e+11,Auger et al. 2009 SLACS IX Table 3,Auger et al. 2009 SLACS IX Table 4,"Planck18-like flat LCDM; H0=67.66 km/s/Mpc, Om0=0.3111, Ode0=0.6889"
SDSSJ1436-0000,0.285,0.805,914.98245725,1596.68091121,945.29450813,4.8,1.08206563,224,17,E,11.36,2.29086765e+11,0.37,0.07,0.65,0.13,0.6,11.45,0.08,2.81838293e+11,11.69,0.09,4.89778819e+11,Auger et al. 2009 SLACS IX Table 3,Auger et al. 2009 SLACS IX Table 4,"Planck18-like flat LCDM; H0=67.66 km/s/Mpc, Om0=0.3111, Ode0=0.6889"
SDSSJ1443+0304,0.134,0.419,506.84409939,1175.17527811,770.12861941,1.93,0.78543102,209,11,S0,10.78,6.02559586e+10,0.5,0.07,0.9,0.13,0.83,10.87,0.06,7.41310241e+10,11.12,0.06,1.31825674e+11,Auger et al. 2009 SLACS IX Table 3,Auger et al. 2009 SLACS IX Table 4,"Planck18-like flat LCDM; H0=67.66 km/s/Mpc, Om0=0.3111, Ode0=0.6889"
SDSSJ1451-0239,0.125,0.52,477.65876970,1324.52675226,970.99641284,2.33,1.00615131,223,14,E,10.92,8.31763771e+10,0.47,0.07,0.8,0.12,0.54,11.17,0.07,1.47910839e+11,11.39,0.06,2.45470892e+11,Auger et al. 2009 SLACS IX Table 3,Auger et al. 2009 SLACS IX Table 4,"Planck18-like flat LCDM; H0=67.66 km/s/Mpc, Om0=0.3111, Ode0=0.6889"
SDSSJ1525+3327,0.358,0.717,1066.61320579,1531.53492130,687.93519302,6.55,1.26665831,264,26,E,11.68,4.78630092e+11,0.38,0.08,0.66,0.13,0.6,11.78,0.09,6.02559586e+11,12.02,0.09,1.04712855e+12,Auger et al. 2009 SLACS IX Table 3,Auger et al. 2009 SLACS IX Table 4,"Planck18-like flat LCDM; H0=67.66 km/s/Mpc, Om0=0.3111, Ode0=0.6889"
SDSSJ1531-0105,0.16,0.744,587.75857318,1553.04573720,1162.10540183,4.71,1.65290186,279,12,E,11.43,2.69153480e+11,0.37,0.08,0.66,0.13,0.75,11.43,0.09,2.69153480e+11,11.68,0.09,4.78630092e+11,Auger et al. 2009 SLACS IX Table 3,Auger et al. 2009 SLACS IX Table 4,"Planck18-like flat LCDM; H0=67.66 km/s/Mpc, Om0=0.3111, Ode0=0.6889"
SDSSJ1538+5817,0.143,0.531,535.41553623,1338.78286157,939.05721956,2.5,0.96310619,189,12,E,10.95,8.91250938e+10,0.48,0.08,0.84,0.15,0.8,11.03,0.08,1.07151931e+11,11.28,0.08,1.90546072e+11,Auger et al. 2009 SLACS IX Table 3,Auger et al. 2009 SLACS IX Table 4,"Planck18-like flat LCDM; H0=67.66 km/s/Mpc, Om0=0.3111, Ode0=0.6889"
SDSSJ1614+4522,0.178,0.811,640.94946144,1600.62461625,1183.70663415,2.54,0.81740081,182,13,E,10.86,7.24435960e+10,0.48,0.15,0.88,0.25,0.44,11.21,0.13,1.62181010e+11,11.47,0.12,2.95120923e+11,Auger et al. 2009 SLACS IX Table 3,Auger et al. 2009 SLACS IX Table 4,"Planck18-like flat LCDM; H0=67.66 km/s/Mpc, Om0=0.3111, Ode0=0.6889"
SDSSJ1621+3931,0.245,0.602,820.40974246,1422.49704137,784.91269096,4.97,1.24954158,236,20,E,11.47,2.95120923e+11,0.34,0.05,0.6,0.09,0.7,11.45,0.06,2.81838293e+11,11.7,0.07,5.01187234e+11,Auger et al. 2009 SLACS IX Table 3,Auger et al. 2009 SLACS IX Table 4,"Planck18-like flat LCDM; H0=67.66 km/s/Mpc, Om0=0.3111, Ode0=0.6889"
SDSSJ1627-0053,0.208,0.524,724.77303777,1329.75301379,755.26099961,4.18,1.18959570,290,14,E,11.36,2.29086765e+11,0.46,0.09,0.8,0.16,0.73,11.45,0.09,2.81838293e+11,11.7,0.09,5.01187234e+11,Auger et al. 2009 SLACS IX Table 3,Auger et al. 2009 SLACS IX Table 4,"Planck18-like flat LCDM; H0=67.66 km/s/Mpc, Om0=0.3111, Ode0=0.6889"
SDSSJ1630+4520,0.248,0.793,827.81020995,1588.61264694,1012.42349913,6.91,1.72175916,276,16,E,11.69,4.89778819e+11,0.39,0.07,0.69,0.11,0.93,11.61,0.07,4.07380278e+11,11.86,0.07,7.24435960e+11,Auger et al. 2009 SLACS IX Table 3,Auger et al. 2009 SLACS IX Table 4,"Planck18-like flat LCDM; H0=67.66 km/s/Mpc, Om0=0.3111, Ode0=0.6889"
SDSSJ1636+4707,0.228,0.675,777.48758569,1495.14185897,925.13902003,3.96,1.05057450,231,15,E,11.25,1.77827941e+11,0.53,0.1,0.95,0.18,0.78,11.38,0.08,2.39883292e+11,11.63,0.08,4.26579519e+11,Auger et al. 2009 SLACS IX Table 3,Auger et al. 2009 SLACS IX Table 4,"Planck18-like flat LCDM; H0=67.66 km/s/Mpc, Om0=0.3111, Ode0=0.6889"
SDSSJ1644+2625,0.137,0.61,516.43541491,1431.08502657,1066.37256275,3.07,1.22616098,229,12,E,11.12,1.31825674e+11,0.46,0.09,0.81,0.15,0.79,11.18,0.09,1.51356125e+11,11.43,0.08,2.69153480e+11,Auger et al. 2009 SLACS IX Table 3,Auger et al. 2009 SLACS IX Table 4,"Planck18-like flat LCDM; H0=67.66 km/s/Mpc, Om0=0.3111, Ode0=0.6889"
SDSSJ1719+2939,0.181,0.578,649.59859470,1395.74144800,909.57165058,3.89,1.23517831,286,15,E/S0,11.28,1.90546072e+11,0.4,0.08,0.71,0.14,0.94,11.22,0.08,1.65958691e+11,11.46,0.08,2.88403150e+11,Auger et al. 2009 SLACS IX Table 3,Auger et al. 2009 SLACS IX Table 4,"Planck18-like flat LCDM; H0=67.66 km/s/Mpc, Om0=0.3111, Ode0=0.6889"
SDSSJ2238-0754,0.137,0.713,516.43541491,1528.22601012,1185.44313402,3.08,1.23015499,198,11,E,11.11,1.28824955e+11,0.41,0.06,0.73,0.11,0.67,11.2,0.06,1.58489319e+11,11.45,0.06,2.81838293e+11,Auger et al. 2009 SLACS IX Table 3,Auger et al. 2009 SLACS IX Table 4,"Planck18-like flat LCDM; H0=67.66 km/s/Mpc, Om0=0.3111, Ode0=0.6889"
SDSSJ2300+0022,0.228,0.463,777.48758569,1244.53922747,591.93857454,4.51,1.19648763,279,17,E,11.47,2.95120923e+11,0.33,0.05,0.58,0.09,0.77,11.4,0.07,2.51188643e+11,11.65,0.07,4.46683592e+11,Auger et al. 2009 SLACS IX Table 3,Auger et al. 2009 SLACS IX Table 4,"Planck18-like flat LCDM; H0=67.66 km/s/Mpc, Om0=0.3111, Ode0=0.6889"
SDSSJ2303+1422,0.155,0.517,572.58023082,1320.57506493,884.62900917,4.35,1.56703263,255,16,E,11.42,2.63026799e+11,0.34,0.05,0.59,0.09,0.61,11.47,0.06,2.95120923e+11,11.71,0.06,5.12861384e+11,Auger et al. 2009 SLACS IX Table 3,Auger et al. 2009 SLACS IX Table 4,"Planck18-like flat LCDM; H0=67.66 km/s/Mpc, Om0=0.3111, Ode0=0.6889"
SDSSJ2321-0939,0.082,0.532,329.27701440,1340.06088155,1107.50361681,2.47,1.54725064,249,8,E,11.08,1.20226443e+11,0.48,0.09,0.84,0.15,0.52,11.35,0.08,2.23872114e+11,11.6,0.08,3.98107171e+11,Auger et al. 2009 SLACS IX Table 3,Auger et al. 2009 SLACS IX Table 4,"Planck18-like flat LCDM; H0=67.66 km/s/Mpc, Om0=0.3111, Ode0=0.6889"
SDSSJ2341+0000,0.186,0.807,663.87964574,1598.00211372,1162.27369101,4.5,1.39813238,207,13,E,11.35,2.23872114e+11,0.38,0.07,0.67,0.13,0.57,11.48,0.08,3.01995172e+11,11.73,0.08,5.37031796e+11,Auger et al. 2009 SLACS IX Table 3,Auger et al. 2009 SLACS IX Table 4,"Planck18-like flat LCDM; H0=67.66 km/s/Mpc, Om0=0.3111, Ode0=0.6889"
SDSSJ2347-0005,0.417,0.714,1171.85219524,1529.05625456,560.26129501,6.1,1.07369797,404,59,E,11.67,4.67735141e+11,0.35,0.07,0.62,0.12,0.86,11.58,0.09,3.80189396e+11,11.83,0.08,6.76082975e+11,Auger et al. 2009 SLACS IX Table 3,Auger et al. 2009 SLACS IX Table 4,"Planck18-like flat LCDM; H0=67.66 km/s/Mpc, Om0=0.3111, Ode0=0.6889"
