name,z_lens,z_source,D_L_Mpc,D_S_Mpc,D_LS_Mpc,R_Ein_kpc,theta_E_arcsec,sigma_ap_km_s,sigma_ap_err_km_s,log_M_Ein_Msun,M_Ein_Msun,log_Mstar_Chab_total_Msun,log_Mstar_Chab_err,Mstar_Chab_total_Msun,f_star_Ein_Chab,f_star_Ein_Chab_err,Mstar_Chab_within_Ein_Msun,f_DM_Ein_Chab,M_DM_within_Ein_Msun,log_M_DM_within_Ein_Msun,cosmology
SDSSJ0008-0004,0.44,1.192,1209.158884,1755.232547,960.894593,6.59,1.124158,193,36,11.55,354813389000.0,11.38,0.14,239883292000.0,0.27,0.09,95799615030.0,0.73,259013773970.0,11.4133,"Planck18-like flat LCDM; H0=67.66, Om0=0.3111, Ode0=0.6889"
SDSSJ0029-0055,0.227,0.931,774.909643,1667.956084,1175.561401,3.48,0.926304,229,18,11.08,120226443000.0,11.33,0.13,213796209000.0,0.5,0.14,60113221500.0,0.5,60113221500.0,10.779,"Planck18-like flat LCDM; H0=67.66, Om0=0.3111, Ode0=0.6889"
SDSSJ0037-0942,0.195,0.632,689.168873,1453.882044,949.25165,4.95,1.48151,279,10,11.47,295120923000.0,11.48,0.06,301995172000.0,0.4,0.06,118048369200.0,0.6,177072553800.0,11.2482,"Planck18-like flat LCDM; H0=67.66, Om0=0.3111, Ode0=0.6889"
SDSSJ0044+0113,0.12,0.197,461.174091,694.716918,263.208996,1.72,0.769288,266,13,10.96,91201083900.0,11.23,0.09,169824365000.0,0.37,0.08,33744401043.0,0.63,57456682857.0,10.7593,"Planck18-like flat LCDM; H0=67.66, Om0=0.3111, Ode0=0.6889"
SDSSJ0157-0056,0.513,0.924,1315.26315,1664.585368,630.285396,4.89,0.766869,295,47,11.41,257039578000.0,11.5,0.1,316227766000.0,0.51,0.12,131090184780.0,0.49,125949393220.0,11.1002,"Planck18-like flat LCDM; H0=67.66, Om0=0.3111, Ode0=0.6889"
SDSSJ0216-0813,0.332,0.523,1015.504949,1328.450999,440.300905,5.53,1.123229,333,23,11.69,489778819000.0,11.79,0.07,616595002000.0,0.36,0.06,176320374840.0,0.64,313458444160.0,11.4962,"Planck18-like flat LCDM; H0=67.66, Om0=0.3111, Ode0=0.6889"
SDSSJ0252+0039,0.28,0.982,903.633381,1690.660244,1107.082683,4.4,1.004351,164,12,11.25,177827941000.0,11.21,0.13,162181010000.0,0.4,0.12,71131176400.0,0.6,106696764600.0,11.0282,"Planck18-like flat LCDM; H0=67.66, Om0=0.3111, Ode0=0.6889"
SDSSJ0330-0020,0.351,1.071,1053.152649,1723.192092,1036.17653,5.45,1.067408,212,21,11.4,251188643000.0,11.35,0.09,223872114000.0,0.41,0.08,102987343630.0,0.59,148201299370.00003,11.1709,"Planck18-like flat LCDM; H0=67.66, Om0=0.3111, Ode0=0.6889"
SDSSJ0728+3835,0.206,0.688,719.36543,1506.802876,992.848665,4.21,1.20714,214,11,11.3,199526231000.0,11.44,0.12,275422870000.0,0.56,0.16,111734689360.00002,0.44,87791541639.99998,10.9435,"Planck18-like flat LCDM; H0=67.66, Om0=0.3111, Ode0=0.6889"
SDSSJ0737+3216,0.322,0.581,995.01913,1399.168946,567.154216,4.66,0.966006,338,16,11.46,288403150000.0,11.72,0.07,524807460000.0,0.41,0.07,118245291500.0,0.59,170157858500.00003,11.2309,"Planck18-like flat LCDM; H0=67.66, Om0=0.3111, Ode0=0.6889"
SDSSJ0819+4534,0.194,0.446,686.385127,1218.570241,651.804099,2.73,0.820389,225,15,11.04,109647820000.0,11.15,0.08,141253754000.0,0.32,0.06,35087302400.0,0.68,74560517600.0,10.8725,"Planck18-like flat LCDM; H0=67.66, Om0=0.3111, Ode0=0.6889"
SDSSJ0822+2652,0.241,0.594,810.462096,1413.745678,782.764837,4.45,1.132537,259,15,11.38,239883292000.0,11.43,0.13,269153480000.0,0.41,0.12,98352149720.0,0.59,141531142280.00003,11.1509,"Planck18-like flat LCDM; H0=67.66, Om0=0.3111, Ode0=0.6889"
SDSSJ0841+3824,0.116,0.657,447.844979,1478.383798,1176.757366,2.96,1.363293,225,8,11.12,131825674000.0,11.41,0.15,257039578000.0,0.31,0.1,40865958940.0,0.69,90959715060.0,10.9588,"Planck18-like flat LCDM; H0=67.66, Om0=0.3111, Ode0=0.6889"
SDSSJ0903+4116,0.43,1.065,1193.181163,1721.257932,894.9872,7.23,1.249848,223,27,11.66,457088190000.0,11.59,0.14,389045145000.0,0.35,0.11,159980866500.0,0.65,297107323500.0,11.4729,"Planck18-like flat LCDM; H0=67.66, Om0=0.3111, Ode0=0.6889"
SDSSJ0912+0029,0.164,0.324,599.77356,999.154111,471.86074,4.58,1.575082,326,12,11.6,398107171000.0,11.71,0.07,512861384000.0,0.34,0.05,135356438140.00002,0.66,262750732859.99997,11.4195,"Planck18-like flat LCDM; H0=67.66, Om0=0.3111, Ode0=0.6889"
SDSSJ0935-0003,0.347,0.467,1045.363016,1250.50292,290.650171,4.26,0.840558,396,35,11.6,398107171000.0,11.72,0.07,524807460000.0,0.2,0.03,79621434200.0,0.8,318485736800.0,11.5031,"Planck18-like flat LCDM; H0=67.66, Om0=0.3111, Ode0=0.6889"
SDSSJ0936+0913,0.19,0.588,675.184942,1407.07324,901.109713,3.45,1.053954,243,11,11.17,147910839000.0,11.43,0.12,269153480000.0,0.57,0.16,84309178230.0,0.43,63601660770.00001,10.8035,"Planck18-like flat LCDM; H0=67.66, Om0=0.3111, Ode0=0.6889"
SDSSJ0946+1006,0.222,0.609,761.929741,1430.020368,851.35154,4.95,1.340033,263,21,11.46,288403150000.0,11.34,0.12,218776162000.0,0.26,0.07,74984819000.0,0.74,213418331000.0,11.3292,"Planck18-like flat LCDM; H0=67.66, Om0=0.3111, Ode0=0.6889"
SDSSJ0955+0101,0.111,0.316,431.0047,982.499304,618.634394,1.83,0.875778,192,13,10.83,67608297500.0,10.77,0.07,58884365500.0,0.36,0.05,24338987100.0,0.64,43269310400.0,10.6362,"Planck18-like flat LCDM; H0=67.66, Om0=0.3111, Ode0=0.6889"
SDSSJ0956+5100,0.241,0.47,810.462096,1254.939675,570.733239,5.05,1.285239,334,15,11.57,371535229000.0,11.56,0.09,363078055000.0,0.35,0.07,130037330149.99998,0.65,241497898850.0,11.3829,"Planck18-like flat LCDM; H0=67.66, Om0=0.3111, Ode0=0.6889"
SDSSJ0959+0410,0.126,0.535,480.932349,1343.877147,991.088988,2.24,0.960703,197,13,10.88,75857757500.0,10.91,0.07,81283051600.0,0.42,0.07,31860258150.0,0.58,43997499350.00001,10.6434,"Planck18-like flat LCDM; H0=67.66, Om0=0.3111, Ode0=0.6889"
SDSSJ0959+4416,0.237,0.531,800.42179,1338.782862,692.06715,3.61,0.930279,244,19,11.23,169824365000.0,11.47,0.12,295120923000.0,0.55,0.15,93403400750.0,0.45,76420964250.0,10.8832,"Planck18-like flat LCDM; H0=67.66, Om0=0.3111, Ode0=0.6889"
SDSSJ1016+3859,0.168,0.439,611.676296,1207.577631,711.095411,3.13,1.055475,247,13,11.17,147910839000.0,11.23,0.12,169824365000.0,0.48,0.13,70997202720.0,0.52,76913636280.0,10.886,"Planck18-like flat LCDM; H0=67.66, Om0=0.3111, Ode0=0.6889"
SDSSJ1020+1122,0.282,0.553,908.188736,1366.223084,616.51416,5.12,1.162837,282,18,11.54,346736850000.0,11.54,0.12,346736850000.0,0.45,0.13,156031582500.0,0.55,190705267500.00003,11.2804,"Planck18-like flat LCDM; H0=67.66, Om0=0.3111, Ode0=0.6889"
SDSSJ1023+4230,0.191,0.696,677.994801,1513.799604,1037.684151,4.5,1.369025,242,15,11.37,234422882000.0,11.33,0.12,213796209000.0,0.38,0.11,89080695160.0,0.62,145342186840.0,11.1624,"Planck18-like flat LCDM; H0=67.66, Om0=0.3111, Ode0=0.6889"
SDSSJ1029+0420,0.104,0.615,407.08965,1436.370788,1158.087832,1.92,0.972829,210,9,10.78,60255958600.0,11.04,0.12,109647820000.0,0.69,0.19,41576611434.0,0.31,18679347166.000004,10.2714,"Planck18-like flat LCDM; H0=67.66, Om0=0.3111, Ode0=0.6889"
SDSSJ1032+5322,0.133,0.329,503.631863,1009.408646,580.052061,2.44,0.999314,296,14,11.05,112201845000.0,10.9,0.11,79432823500.0,0.42,0.11,47124774900.0,0.58,65077070100.00001,10.8134,"Planck18-like flat LCDM; H0=67.66, Om0=0.3111, Ode0=0.6889"
SDSSJ1100+5329,0.317,0.858,984.597974,1629.521442,931.612113,7.02,1.47063,187,23,11.67,467735141000.0,11.59,0.07,389045145000.0,0.33,0.05,154352596530.0,0.67,313382544469.99994,11.4961,"Planck18-like flat LCDM; H0=67.66, Om0=0.3111, Ode0=0.6889"
SDSSJ1103+5322,0.158,0.735,581.708626,1546.032586,1157.779797,2.78,0.985745,196,12,10.98,95499258600.0,11.29,0.08,194984460000.0,0.73,0.13,69714458778.0,0.27,25784799822.0,10.4114,"Planck18-like flat LCDM; H0=67.66, Om0=0.3111, Ode0=0.6889"
SDSSJ1106+5228,0.095,0.407,375.750299,1155.005332,862.577061,2.17,1.191202,262,9,10.96,91201083900.0,11.13,0.06,134896288000.0,0.54,0.07,49248585306.0,0.46,41952498594.0,10.6228,"Planck18-like flat LCDM; H0=67.66, Om0=0.3111, Ode0=0.6889"
SDSSJ1112+0826,0.273,0.629,887.522943,1450.842822,757.278239,6.19,1.438587,320,20,11.65,446683592000.0,11.48,0.09,301995172000.0,0.33,0.07,147405585360.0,0.67,299278006639.99994,11.4761,"Planck18-like flat LCDM; H0=67.66, Om0=0.3111, Ode0=0.6889"
SDSSJ1134+6027,0.153,0.474,566.45877,1260.807719,817.709373,2.93,1.066902,239,11,11.1,125892541000.0,11.26,0.12,181970086000.0,0.5,0.13,62946270500.0,0.5,62946270500.0,10.799,"Planck18-like flat LCDM; H0=67.66, Om0=0.3111, Ode0=0.6889"
SDSSJ1142+1001,0.222,0.504,761.929741,1303.129548,684.061633,3.52,0.952912,221,22,11.22,165958691000.0,11.3,0.08,199526231000.0,0.39,0.07,64723889490.0,0.61,101234801510.0,11.0053,"Planck18-like flat LCDM; H0=67.66, Om0=0.3111, Ode0=0.6889"
SDSSJ1143-0144,0.106,0.402,413.963194,1146.435374,819.870971,3.27,1.629338,269,5,11.29,194984460000.0,11.36,0.09,229086765000.0,0.26,0.05,50695959600.0,0.74,144288500400.0,11.1592,"Planck18-like flat LCDM; H0=67.66, Om0=0.3111, Ode0=0.6889"
SDSSJ1153+4612,0.18,0.875,646.722293,1639.142418,1232.138522,3.18,1.014225,226,15,11.05,112201845000.0,11.08,0.13,120226443000.0,0.47,0.13,52734867150.0,0.53,59466977850.0,10.7743,"Planck18-like flat LCDM; H0=67.66, Om0=0.3111, Ode0=0.6889"
SDSSJ1204+0358,0.164,0.631,599.77356,1452.871371,1024.829419,3.68,1.265568,267,17,11.24,173780083000.0,11.2,0.07,158489319000.0,0.4,0.06,69512033200.0,0.6,104268049800.0,11.0182,"Planck18-like flat LCDM; H0=67.66, Om0=0.3111, Ode0=0.6889"
SDSSJ1205+4910,0.215,0.481,743.50263,1270.947164,660.983832,4.27,1.184597,281,13,11.4,251188643000.0,11.48,0.06,301995172000.0,0.36,0.05,90427911480.0,0.64,160760731520.0,11.2062,"Planck18-like flat LCDM; H0=67.66, Om0=0.3111, Ode0=0.6889"
SDSSJ1213+6708,0.123,0.64,471.088316,1461.881661,1139.301064,3.13,1.370462,292,11,11.16,144543977000.0,11.24,0.1,173780083000.0,0.38,0.08,54926711260.0,0.62,89617265740.0,10.9524,"Planck18-like flat LCDM; H0=67.66, Om0=0.3111, Ode0=0.6889"
SDSSJ1218+0830,0.135,0.717,510.048757,1531.534921,1194.373978,3.47,1.403275,219,10,11.21,162181010000.0,11.35,0.08,223872114000.0,0.41,0.08,66494214099.99999,0.59,95686795900.00002,10.9809,"Planck18-like flat LCDM; H0=67.66, Om0=0.3111, Ode0=0.6889"
SDSSJ1250+0523,0.232,0.795,787.739718,1589.974288,1049.308365,4.18,1.094507,252,14,11.26,181970086000.0,11.53,0.07,338844156000.0,0.68,0.11,123739658480.00002,0.32,58230427519.99999,10.7651,"Planck18-like flat LCDM; H0=67.66, Om0=0.3111, Ode0=0.6889"
SDSSJ1251-0208,0.224,0.784,767.139799,1582.400241,1056.066657,3.03,0.814692,233,23,10.98,95499258600.0,11.26,0.08,181970086000.0,0.34,0.07,32469747924.000004,0.66,63029510675.99999,10.7995,"Planck18-like flat LCDM; H0=67.66, Om0=0.3111, Ode0=0.6889"
SDSSJ1306+0600,0.173,0.472,626.398593,1257.880476,758.719097,3.87,1.27434,237,17,11.33,213796209000.0,11.19,0.08,154881662000.0,0.27,0.05,57724976430.0,0.73,156071232570.0,11.1933,"Planck18-like flat LCDM; H0=67.66, Om0=0.3111, Ode0=0.6889"
SDSSJ1313+4615,0.185,0.514,661.036774,1316.595756,799.205678,4.25,1.326137,263,18,11.38,239883292000.0,11.33,0.09,213796209000.0,0.34,0.07,81560319280.0,0.66,158322972719.99997,11.1995,"Planck18-like flat LCDM; H0=67.66, Om0=0.3111, Ode0=0.6889"
SDSSJ1318-0313,0.24,1.3,807.960742,1774.191841,1338.595615,6.01,1.534297,213,18,11.5,316227766000.0,11.43,0.09,269153480000.0,0.24,0.05,75894663840.0,0.76,240333102160.0,11.3808,"Planck18-like flat LCDM; H0=67.66, Om0=0.3111, Ode0=0.6889"
SDSSJ1330-0148,0.081,0.711,325.641922,1526.559463,1320.820762,1.32,0.836101,185,9,10.52,33113112100.0,10.43,0.06,26915348000.0,0.39,0.06,12914113719.0,0.61,20198998381.0,10.3053,"Planck18-like flat LCDM; H0=67.66, Om0=0.3111, Ode0=0.6889"
SDSSJ1402+6321,0.205,0.481,716.652166,1270.947164,687.850703,4.53,1.303812,267,17,11.46,288403150000.0,11.55,0.07,354813389000.0,0.4,0.06,115361260000.0,0.6,173041890000.0,11.2382,"Planck18-like flat LCDM; H0=67.66, Om0=0.3111, Ode0=0.6889"
SDSSJ1403+0006,0.189,0.473,672.368513,1259.345789,716.612481,2.62,0.803746,213,17,10.98,95499258600.0,11.2,0.08,158489319000.0,0.54,0.1,51569599644.0,0.46,43929658956.0,10.6428,"Planck18-like flat LCDM; H0=67.66, Om0=0.3111, Ode0=0.6889"
SDSSJ1416+5136,0.299,0.811,946.07208,1600.624616,922.022942,6.08,1.325576,240,25,11.56,363078055000.0,11.4,0.08,251188643000.0,0.35,0.06,127077319249.99998,0.65,236000735750.0,11.3729,"Planck18-like flat LCDM; H0=67.66, Om0=0.3111, Ode0=0.6889"
SDSSJ1420+6019,0.063,0.535,258.696021,1343.877147,1164.728046,1.26,1.00463,205,4,10.59,38904514500.0,10.93,0.06,85113803800.0,0.69,0.1,26844115004.999996,0.31,12060399495.000002,10.0814,"Planck18-like flat LCDM; H0=67.66, Om0=0.3111, Ode0=0.6889"
SDSSJ1430+4105,0.285,0.575,914.982457,1392.289758,645.780261,6.53,1.47206,322,32,11.73,537031796000.0,11.68,0.12,478630092000.0,0.33,0.09,177220492680.0,0.67,359811303319.99994,11.5561,"Planck18-like flat LCDM; H0=67.66, Om0=0.3111, Ode0=0.6889"
SDSSJ1432+6317,0.123,0.664,471.088316,1484.986711,1167.058719,2.78,1.217216,199,8,11.05,112201845000.0,11.46,0.08,288403150000.0,0.39,0.07,43758719550.0,0.61,68443125450.0,10.8353,"Planck18-like flat LCDM; H0=67.66, Om0=0.3111, Ode0=0.6889"
SDSSJ1436-0000,0.285,0.805,914.982457,1596.680911,945.294508,4.8,1.082066,224,17,11.36,229086765000.0,11.45,0.08,281838293000.0,0.37,0.07,84762103050.0,0.63,144324661950.0,11.1593,"Planck18-like flat LCDM; H0=67.66, Om0=0.3111, Ode0=0.6889"
SDSSJ1443+0304,0.134,0.419,506.844099,1175.175278,770.128619,1.93,0.785431,209,11,10.78,60255958600.0,10.87,0.06,74131024100.0,0.5,0.07,30127979300.0,0.5,30127979300.0,10.479,"Planck18-like flat LCDM; H0=67.66, Om0=0.3111, Ode0=0.6889"
SDSSJ1451-0239,0.125,0.52,477.65877,1324.526752,970.996413,2.33,1.006151,223,14,10.92,83176377100.0,11.17,0.07,147910839000.0,0.47,0.07,39092897237.0,0.53,44083479863.0,10.6443,"Planck18-like flat LCDM; H0=67.66, Om0=0.3111, Ode0=0.6889"
SDSSJ1525+3327,0.358,0.717,1066.613206,1531.534921,687.935193,6.55,1.266658,264,26,11.68,478630092000.0,11.78,0.09,602559586000.0,0.38,0.08,181879434960.0,0.62,296750657040.0,11.4724,"Planck18-like flat LCDM; H0=67.66, Om0=0.3111, Ode0=0.6889"
SDSSJ1531-0105,0.16,0.744,587.758573,1553.045737,1162.105402,4.71,1.652902,279,12,11.43,269153480000.0,11.43,0.09,269153480000.0,0.37,0.08,99586787600.0,0.63,169566692400.0,11.2293,"Planck18-like flat LCDM; H0=67.66, Om0=0.3111, Ode0=0.6889"
SDSSJ1538+5817,0.143,0.531,535.415536,1338.782862,939.05722,2.5,0.963106,189,12,10.95,89125093800.0,11.03,0.08,107151931000.0,0.48,0.08,42780045024.0,0.52,46345048776.0,10.666,"Planck18-like flat LCDM; H0=67.66, Om0=0.3111, Ode0=0.6889"
SDSSJ1614+4522,0.178,0.811,640.949461,1600.624616,1183.706634,2.54,0.817401,182,13,10.86,72443596000.0,11.21,0.13,162181010000.0,0.48,0.15,34772926080.0,0.52,37670669920.0,10.576,"Planck18-like flat LCDM; H0=67.66, Om0=0.3111, Ode0=0.6889"
SDSSJ1621+3931,0.245,0.602,820.409742,1422.497041,784.912691,4.97,1.249542,236,20,11.47,295120923000.0,11.45,0.06,281838293000.0,0.34,0.05,100341113820.0,0.66,194779809179.99997,11.2895,"Planck18-like flat LCDM; H0=67.66, Om0=0.3111, Ode0=0.6889"
SDSSJ1627-0053,0.208,0.524,724.773038,1329.753014,755.261,4.18,1.189596,290,14,11.36,229086765000.0,11.45,0.09,281838293000.0,0.46,0.09,105379911900.0,0.54,123706853100.00002,11.0924,"Planck18-like flat LCDM; H0=67.66, Om0=0.3111, Ode0=0.6889"
SDSSJ1630+4520,0.248,0.793,827.81021,1588.612647,1012.423499,6.91,1.721759,276,16,11.69,489778819000.0,11.61,0.07,407380278000.0,0.39,0.07,191013739410.0,0.61,298765079590.0,11.4753,"Planck18-like flat LCDM; H0=67.66, Om0=0.3111, Ode0=0.6889"
SDSSJ1636+4707,0.228,0.675,777.487586,1495.141859,925.13902,3.96,1.050574,231,15,11.25,177827941000.0,11.38,0.08,239883292000.0,0.53,0.1,94248808730.0,0.47,83579132270.0,10.9221,"Planck18-like flat LCDM; H0=67.66, Om0=0.3111, Ode0=0.6889"
SDSSJ1644+2625,0.137,0.61,516.435415,1431.085027,1066.372563,3.07,1.226161,229,12,11.12,131825674000.0,11.18,0.09,151356125000.0,0.46,0.09,60639810040.0,0.54,71185863960.0,10.8524,"Planck18-like flat LCDM; H0=67.66, Om0=0.3111, Ode0=0.6889"
SDSSJ1719+2939,0.181,0.578,649.598595,1395.741448,909.571651,3.89,1.235178,286,15,11.28,190546072000.0,11.22,0.08,165958691000.0,0.4,0.08,76218428800.0,0.6,114327643200.0,11.0582,"Planck18-like flat LCDM; H0=67.66, Om0=0.3111, Ode0=0.6889"
SDSSJ2238-0754,0.137,0.713,516.435415,1528.22601,1185.443134,3.08,1.230155,198,11,11.11,128824955000.0,11.2,0.06,158489319000.0,0.41,0.06,52818231550.0,0.59,76006723450.00002,10.8809,"Planck18-like flat LCDM; H0=67.66, Om0=0.3111, Ode0=0.6889"
SDSSJ2300+0022,0.228,0.463,777.487586,1244.539227,591.938575,4.51,1.196488,279,17,11.47,295120923000.0,11.4,0.07,251188643000.0,0.33,0.05,97389904590.0,0.67,197731018409.99997,11.2961,"Planck18-like flat LCDM; H0=67.66, Om0=0.3111, Ode0=0.6889"
SDSSJ2303+1422,0.155,0.517,572.580231,1320.575065,884.629009,4.35,1.567033,255,16,11.42,263026799000.0,11.47,0.06,295120923000.0,0.34,0.05,89429111660.0,0.66,173597687339.99997,11.2395,"Planck18-like flat LCDM; H0=67.66, Om0=0.3111, Ode0=0.6889"
SDSSJ2321-0939,0.082,0.532,329.277014,1340.060882,1107.503617,2.47,1.547251,249,8,11.08,120226443000.0,11.35,0.08,223872114000.0,0.48,0.09,57708692640.0,0.52,62517750360.0,10.796,"Planck18-like flat LCDM; H0=67.66, Om0=0.3111, Ode0=0.6889"
SDSSJ2341+0000,0.186,0.807,663.879646,1598.002114,1162.273691,4.5,1.398132,207,13,11.35,223872114000.0,11.48,0.08,301995172000.0,0.38,0.07,85071403320.0,0.62,138800710680.0,11.1424,"Planck18-like flat LCDM; H0=67.66, Om0=0.3111, Ode0=0.6889"
SDSSJ2347-0005,0.417,0.714,1171.852195,1529.056255,560.261295,6.1,1.073698,404,59,11.67,467735141000.0,11.58,0.09,380189396000.0,0.35,0.07,163707299350.0,0.65,304027841650.0,11.4829,"Planck18-like flat LCDM; H0=67.66, Om0=0.3111, Ode0=0.6889"
