Name,r_Ein (kpc),log[M_Ein/M_sun],log[MChab_star/M_sun],zlens,zsrc,sigma_ap (km s^-1),D_L (Mpc),D_S (Mpc),D_LS (Mpc)
SDSSJ0008-0004,6.59,11.55,11.38±0.14,0.44,1.192,193±36,1212.3753858493928,1757.5651832705373,961.1141998658268
SDSSJ0029-0055,3.48,11.08,11.33±0.13,0.227,0.931,229±18,777.3958785585321,1670.7816268568847,1176.8071354061758
SDSSJ0037-0942,4.95,11.47,11.48±0.06,0.195,0.632,279±10,691.4409078483442,1457.1289925534538,950.8349454463637
SDSSJ0044+0113,1.72,10.96,11.23±0.09,0.12,0.197,266±13,462.7921997131283,697.0033796603517,263.98143840830187
SDSSJ0109+1500,3.05,11.12,,0.294,0.525,251±19,937.9152300290434,1334.3304141391595,538.486277970253
SDSSJ0157-0056,4.89,11.41,11.50±0.10,0.513,0.924,295±47,1318.5382336550858,1667.4235689709599,630.5481284719242
SDSSJ0216-0813,5.53,11.69,11.79±0.07,0.332,0.523,333±23,1018.4792408789879,1331.7289628636458,440.9775847606833
SDSSJ0252+0039,4.40,11.25,11.21±0.13,0.28,0.982,164±12,906.4032146531664,1693.3918587133119,1108.025504144163
SDSSJ0330-0020,5.45,11.40,11.35±0.09,0.351,1.071,212±21,1056.1858918210812,1725.7553110617557,1036.761037836125
SDSSJ0405-0455,1.14,10.41,,0.075,0.81,160±7,304.7522279026103,1603.003442964925,1422.0041915863028
SDSSJ0728+3835,4.21,11.30,11.44±0.12,0.206,0.688,214±11,721.7150583544012,1509.9989657764008,994.3660508620595
SDSSJ0737+3216,4.66,11.46,11.72±0.07,0.322,0.581,338±16,997.9591751045157,1402.4433472446653,567.9702103135016
SDSSJ0808+4706,,,11.26±0.16,0.219,1.025,236±11,756.5050422621827,1710.0847398287456,1254.6873835237575
SDSSJ0819+4534,2.73,11.04,11.15±0.08,0.194,0.446,225±15,688.6498946409566,1221.7943086422654,653.1580885860398
SDSSJ0822+2652,4.45,11.38,11.43±0.13,0.241,0.594,259±15,813.0314222244263,1417.0150321898348,784.033855915987
SDSSJ0841+3824,2.96,11.12,11.41±0.15,0.116,0.657,225±8,449.42145557449203,1481.6104287517337,1178.922230549481
SDSSJ0903+4116,7.23,11.66,11.59±0.14,0.43,1.065,223±27,1196.3838396025362,1723.8325977973946,895.3440309055657
SDSSJ0912+0029,4.58,11.60,11.71±0.07,0.164,0.324,326±12,601.8029539451044,1002.1011893351636,473.02366789097823
SDSSJ0935-0003,4.26,11.60,11.72±0.07,0.347,0.467,396±35,1048.3844947208067,1253.7493603549315,291.1222885151724
SDSSJ0936+0913,3.45,11.17,11.43±0.12,0.19,0.588,243±11,677.420277259797,1410.3450992381856,902.706478369698
SDSSJ0946+1006,4.95,11.46,11.34±0.12,0.222,0.609,263±21,764.3847815981084,1433.2821856515136,852.7488089499051
SDSSJ0955+0101,1.83,10.83,10.77±0.07,0.111,0.316,192±13,432.5280822319043,985.4176913954354,620.2667040400815
SDSSJ0956+5100,5.05,11.57,11.56±0.09,0.241,0.47,334±15,813.0314222244263,1258.18880929328,571.8133025038152
SDSSJ0959+4416,3.61,11.23,11.47±0.12,0.237,0.531,244±19,802.9680043196099,1342.0623397582037,693.289366966984
SDSSJ0959+0410,2.24,10.88,10.91±0.07,0.126,0.535,197±13,482.6115252175112,1347.1571266331746,993.1372065061925
SDSSJ1016+3859,3.13,11.17,11.23±0.12,0.168,0.439,247±13,613.7390720635192,1210.7928183666404,712.6362956632419
SDSSJ1020+1122,5.12,11.54,11.54±0.12,0.282,0.553,282±18,910.9676992126041,1369.503291874073,617.5003360527219
SDSSJ1023+4230,4.50,11.37,11.33±0.12,0.191,0.696,242±15,680.2375492292088,1516.9869409038063,1039.2965392929643
SDSSJ1029+0420,1.92,10.78,11.04±0.12,0.104,0.615,210±9,408.53669969537617,1439.629101713157,1160.3569552960082
SDSSJ1029+6115,,,11.49±0.08,0.157,0.251,228±14,580.6424089086079,837.7844000990261,300.7713968158452
SDSSJ1032+5322,2.44,11.05,10.90±0.11,0.133,0.329,296±14,505.3802281147029,1012.3729027517659,581.5258008300515
SDSSJ1100+5329,7.02,11.67,11.59±0.07,0.317,0.858,187±23,987.5200299954649,1632.4751584885637,932.494599013845
SDSSJ1103+5322,2.78,10.98,11.29±0.08,0.158,0.735,196±12,583.6867464498666,1549.172719328516,1159.599663196559
SDSSJ1106+5228,2.17,10.96,11.13±0.06,0.095,0.407,262±9,377.0956973405917,1158.1701601620668,864.6948306752524
SDSSJ1112+0826,6.19,11.65,11.48±0.09,0.273,0.629,320±20,890.2599703597273,1454.0919265601638,758.3884629211626
SDSSJ1134+6027,2.93,11.10,11.26±0.12,0.153,0.474,239±11,568.393043956444,1264.0602567345893,819.4488729613329
SDSSJ1142+1001,3.52,11.22,11.30±0.08,0.222,0.504,221±22,764.3847815981084,1306.4010673046505,685.3384322561874
SDSSJ1143-0144,3.27,11.29,11.36±0.09,0.106,0.402,269±5,415.4322939438687,1149.5908037068125,821.8674676854725
SDSSJ1153+4612,3.18,11.05,11.08±0.13,0.18,0.875,226±15,648.8814677546965,1642.0671369199447,1233.7043998796555
SDSSJ1204+0358,3.68,11.24,11.20±0.07,0.164,0.631,267±17,601.8029539451044,1456.1190452496594,1026.6287703311423
SDSSJ1205+4910,4.27,11.40,11.48±0.06,0.215,0.481,281±13,745.9126155370137,1274.2051495507344,662.2646850824887
SDSSJ1213+6708,3.13,11.16,11.24±0.10,0.123,0.64,292±11,472.7371639006624,1465.1225572197834,1141.4129016951224
SDSSJ1218+0830,3.47,11.21,11.35±0.08,0.135,0.717,219±10,511.8164895368259,1534.6977323748097,1196.36825326922
SDSSJ1250+0523,4.18,11.26,11.53±0.07,0.232,0.795,252±14,790.2563394434256,1593.0294307660758,1050.6362217441815
SDSSJ1250-0135,,,11.13±0.06,0.087,0.353,246±9,348.5741397268925,1060.0596650845732,780.0152527540986
SDSSJ1251-0208,3.03,10.98,11.26±0.08,0.224,0.784,233±23,769.6074156240044,1585.4719288407725,1057.4453163274422
SDSSJ1259+6134,,,11.50±0.09,0.233,0.449,253±16,792.8105176997193,1226.4549699219046,551.8273865376716
SDSSJ1306+0600,3.87,11.33,11.19±0.08,0.173,0.472,237±17,628.5022116516549,1261.13133877669,760.2936388667774
SDSSJ1313+4615,4.25,11.38,11.33±0.09,0.185,0.514,263±18,663.2344942339976,1319.8711783078809,800.7609565989726
SDSSJ1313+0506,,,10.92±0.08,0.144,0.339,221±17,540.4055946318335,1032.5639429078358,570.8581921544245
SDSSJ1318-0313,6.01,11.50,11.43±0.09,0.24,1.3,213±18,810.5243364197155,1776.3231693780428,1339.344831482196
SDSSJ1319+1504,,,10.94±0.08,0.154,0.606,235±14,571.4662244154623,1430.0747481624035,1019.4445968700974
SDSSJ1330-0148,1.32,10.52,10.43±0.06,0.081,0.711,185±9,326.82108707164144,1529.7295016317617,1323.24581073495
SDSSJ1402+6321,4.53,11.46,11.55±0.07,0.205,0.481,267±17,718.9949158603267,1274.2051495507344,689.2025340127911
SDSSJ1403+0006,2.62,10.98,11.20±0.08,0.189,0.473,213±17,674.5963992956434,1262.5974954078417,718.0658465534492
SDSSJ1416+5136,6.08,11.56,11.40±0.08,0.299,0.811,240±25,948.9243980339857,1603.6550208908086,923.0074267184467
SDSSJ1420+6019,1.26,10.59,10.93±0.06,0.063,0.535,205±4,259.64629036791143,1347.1571266331746,1167.3499561699239
SDSSJ1430+4105,6.53,11.73,11.68±0.12,0.285,0.575,322±32,917.7749145445918,1395.5660010903741,646.7782136682788
SDSSJ1432+6317,2.78,11.05,11.46±0.08,0.123,0.664,199±8,472.7371639006624,1488.206938458152,1169.1661721958662
SDSSJ1436+3640,,,,0.185,0.758,281±19,663.2344942339976,1566.7606889471124,1119.6998950521825
SDSSJ1436-0000,4.80,11.36,11.45±0.08,0.285,0.805,224±17,917.7749145445918,1599.7206825746282,946.3462974279245
SDSSJ1443+0304,1.93,10.78,10.87±0.06,0.134,0.419,209±11,508.60217011114554,1178.3609336315114,771.9093050860296
SDSSJ1451-0239,2.33,10.92,11.17±0.07,0.125,0.52,223±14,479.32788199312705,1327.8039694213282,973.0382672882573
SDSSJ1525+3327,6.55,11.68,11.78±0.09,0.358,0.717,264±26,1069.666232173933,1534.6977323748097,688.6833216047451
SDSSJ1531-0105,4.71,11.43,11.43±0.09,0.16,0.744,279±12,589.7539459873892,1556.1740008955883,1163.906468014068
SDSSJ1538+5817,2.50,10.95,11.03±0.08,0.143,0.531,189±12,537.2589949975071,1342.0623397582037,940.9604251389021
SDSSJ1614+4522,2.54,10.86,11.21±0.13,0.178,0.811,182±13,643.0929543851191,1603.6550208908086,1185.3427623233483
SDSSJ1618+4353,,,11.14±0.09,0.199,0.666,292±29,702.5398872111741,1490.071395631775,984.4619569966022
SDSSJ1621+3931,4.97,11.47,11.45±0.06,0.245,0.602,236±20,823.0016872567921,1425.76259756882,786.163908034047
SDSSJ1627-0053,4.18,11.36,11.45±0.09,0.208,0.524,290±14,727.1363185472431,1333.031205154737,756.6659342852689
SDSSJ1630+4520,6.91,11.69,11.61±0.07,0.248,0.793,276±16,830.4187993138754,1591.6708269382898,1013.6659961832889
SDSSJ1636+4707,3.96,11.25,11.38±0.08,0.228,0.675,231±15,779.9799623431226,1498.3514310543796,926.5213452290933
SDSSJ1644+2625,3.07,11.12,11.18±0.09,0.137,0.61,229±12,518.2223398142256,1434.3462794792829,1068.3718693123421
SDSSJ1709+2324,4.94,11.43,,0.347,0.719,286±30,1048.3844947208067,1536.3377162587428,714.8287491913044
SDSSJ1718+6424,,,10.89±0.06,0.09,0.737,273±16,359.3338259609598,1550.7419794868515,1325.25328040945
SDSSJ1719+2939,3.89,11.28,11.22±0.08,0.181,0.578,286±15,651.7655539911622,1399.0168091326598,911.2252253154464
SDSSJ2141-0001,,,,0.138,0.713,181±14,521.4139100740477,1531.3936588631962,1185.001931096549
SDSSJ2238-0754,3.08,11.11,11.20±0.06,0.137,0.713,198±11,518.2223398142256,1531.3936588631962,1187.424715273719
SDSSJ2300+0022,4.51,11.47,11.40±0.07,0.228,0.463,279±17,779.9799623431226,1247.7818846194243,593.0892026253339
SDSSJ2302-0840,,,11.04±0.10,0.09,0.222,237±8,359.3338259609598,764.3847815981084,443.86606613374977
SDSSJ2303+1422,4.35,11.42,11.47±0.06,0.155,0.517,255±16,574.5321663632587,1323.8514352987927,886.4192321679003
SDSSJ2321-0939,2.47,11.08,11.35±0.08,0.082,0.532,249±8,330.46838873034176,1343.3405008296347,1109.9418085279183
SDSSJ2341+0000,4.50,11.35,11.48±0.08,0.186,0.807,207±13,666.0849629352942,1601.0387745627315,1163.8629217452115
SDSSJ2343-0030,4.62,11.49,,0.181,0.463,269±11,651.7655539911622,1247.7818846194243,721.647148280694
SDSSJ2347-0005,6.10,11.67,11.58±0.09,0.417,0.714,404±59,1175.0345458735817,1532.222701003927,560.7968249812519
