D_L_Mpc,D_S_Mpc,D_LS_Mpc,R_Ein_kpc,log_M_Ein_Msun,Predicted_R_Ein_kpc
1209.158884,1755.232547,960.894593,6.59,11.55,6.7057
774.909643,1667.956084,1175.561401,3.48,11.08,3.5456
689.168873,1453.882044,949.25165,4.95,11.47,5.0422
461.174091,694.716918,263.208996,1.72,10.96,1.7467
1315.26315,1664.585368,630.285396,4.89,11.41,4.9505
1015.504949,1328.450999,440.300905,5.53,11.69,5.6179
903.633381,1690.660244,1107.082683,4.4,11.25,4.4884
1053.152649,1723.192092,1036.17653,5.45,11.4,5.5185
719.36543,1506.802876,992.848665,4.21,11.3,4.2552
995.01913,1399.168946,567.154216,4.66,11.46,4.7191
686.385127,1218.570241,651.804099,2.73,11.04,2.7762
810.462096,1413.745678,782.764837,4.45,11.38,4.5397
447.844979,1478.383798,1176.757366,2.96,11.12,2.9995
1193.181163,1721.257932,894.9872,7.23,11.66,7.3683
599.77356,999.154111,471.86074,4.58,11.6,4.6464
1045.363016,1250.50292,290.650171,4.26,11.6,4.3034
675.184942,1407.07324,901.109713,3.45,11.17,3.4992
761.929741,1430.020368,851.35154,4.95,11.46,5.0046
431.0047,982.499304,618.634394,1.83,10.83,1.8742
810.462096,1254.939675,570.733239,5.05,11.57,5.1204
480.932349,1343.877147,991.088988,2.24,10.88,2.2696
800.42179,1338.782862,692.06715,3.61,11.23,3.6678
611.676296,1207.577631,711.095411,3.13,11.17,3.1937
908.188736,1366.223084,616.51416,5.12,11.54,5.2159
677.994801,1513.799604,1037.684151,4.5,11.37,4.5671
407.08965,1436.370788,1158.087832,1.92,10.78,1.9459
503.631863,1009.408646,580.052061,2.44,11.05,2.4934
984.597974,1629.521442,931.612113,7.02,11.67,7.0998
581.708626,1546.032586,1157.779797,2.78,10.98,2.8222
375.750299,1155.005332,862.577061,2.17,10.96,2.2135
887.522943,1450.842822,757.278239,6.19,11.65,6.2942
566.45877,1260.807719,817.709373,2.93,11.1,2.9757
761.929741,1303.129548,684.061633,3.52,11.22,3.5649
413.963194,1146.435374,819.870971,3.27,11.29,3.3244
646.722293,1639.142418,1232.138522,3.18,11.05,3.2316
599.77356,1452.871371,1024.829419,3.68,11.24,3.7518
743.50263,1270.947164,660.983832,4.27,11.4,4.3122
471.088316,1461.881661,1139.301064,3.13,11.16,3.1875
510.048757,1531.534921,1194.373978,3.47,11.21,3.5144
787.739718,1589.974288,1049.308365,4.18,11.26,4.2558
767.139799,1582.400241,1056.066657,3.03,10.98,3.0595
626.398593,1257.880476,758.719097,3.87,11.33,3.9326
661.036774,1316.595756,799.205678,4.25,11.38,4.2928
807.960742,1774.191841,1338.595615,6.01,11.5,6.0751
325.641922,1526.559463,1320.820762,1.32,10.52,1.3365
716.652166,1270.947164,687.850703,4.53,11.46,4.6277
672.368513,1259.345789,716.612481,2.62,10.98,2.6449
946.07208,1600.624616,922.022942,6.08,11.56,6.1549
258.696021,1343.877147,1164.728046,1.26,10.59,1.2923
914.982457,1392.289758,645.780261,6.53,11.73,6.6057
471.088316,1484.986711,1167.058719,2.78,11.05,2.8201
914.982457,1596.680911,945.294508,4.8,11.36,4.8743
506.844099,1175.175278,770.128619,1.93,10.78,1.9575
477.65877,1324.526752,970.996413,2.33,10.92,2.3614
1066.613206,1531.534921,687.935193,6.55,11.68,6.6259
587.758573,1553.045737,1162.105402,4.71,11.43,4.7606
535.415536,1338.782862,939.05722,2.5,10.95,2.5315
640.949461,1600.624616,1183.706634,2.54,10.86,2.564
820.409742,1422.497041,784.912691,4.97,11.47,5.0575
724.773038,1329.753014,755.261,4.18,11.36,4.2491
827.81021,1588.612647,1012.423499,6.91,11.69,7.0335
777.487586,1495.141859,925.13902,3.96,11.25,4.0471
516.435415,1431.085027,1066.372563,3.07,11.12,3.1165
649.598595,1395.741448,909.571651,3.89,11.28,3.9298
516.435415,1528.22601,1185.443134,3.08,11.11,3.1433
777.487586,1244.539227,591.938575,4.51,11.47,4.571
572.580231,1320.575065,884.629009,4.35,11.42,4.3949
329.277014,1340.060882,1107.503617,2.47,11.08,2.5028
663.879646,1598.002114,1162.273691,4.5,11.35,4.5493
1171.852195,1529.056255,560.261295,6.1,11.67,6.2009
